iter	Logloss
0	0.6502696373
1	0.6380194096
2	0.6106138539
3	0.5958149997
4	0.5827045133
5	0.5731993453
6	0.5636321087
7	0.5563646796
